 ,State,Year,Yield_rice,Yield_wheat,Yield_sugarcane,Yield_cotton,Yield_oilseeds,Yield_pulses,npk,rain_Jan,rain_Feb,rain_Mar,rain_Apr,rain_May,rain_Jun,rain_Jul,rain_Aug,rain_Sep,rain_Oct,rain_Nov,rain_Dec,cc_Jan,cc_Feb,cc_Mar,cc_Apr,cc_May,cc_Jun,cc_Jul,cc_Aug,cc_Sep,cc_Oct,cc_Nov,cc_Dec,max_temp_Jan,max_temp_Feb,max_temp_Mar,max_temp_Apr,max_temp_May,max_temp_Jun,max_temp_Jul,max_temp_Aug,max_temp_Sep,max_temp_Oct,max_temp_Nov,max_temp_Dec,min_temp_Jan,min_temp_Feb,min_temp_Mar,min_temp_Apr,min_temp_May,min_temp_Jun,min_temp_Jul,min_temp_Aug,min_temp_Sep,min_temp_Oct,min_temp_Nov,min_temp_Dec
0,BIHAR,1990,1218,1812,52490,283,617,779,56.9,0.0680909090909091,21.193242424242424,9.745848484848484,12.082424242424242,93.67769696969697,157.11827272727277,316.84672727272726,246.8707575757576,227.6314242424242,80.95533333333333,0.5079696969696971,0.2582727272727273,24.814756756756765,36.729621621621625,40.224405405405406,34.01075675675676,44.46018918918918,62.779540540540545,77.13175675675673,71.59059459459459,64.08527027027026,42.258675675675676,23.532729729729727,28.365216216216222,24.33819444444445,25.811861111111106,30.451972222222228,36.56008333333333,36.594972222222225,36.712833333333336,32.01569444444444,32.00358333333334,32.35194444444445,31.16072222222222,29.868305555555555,24.98216666666667,9.339166666666667,12.721611111111107,15.983333333333327,22.7275,23.96947222222222,26.18838888888888,25.218277777777768,25.776222222222234,25.65247222222223,20.766500000000004,15.070111111111109,11.068333333333335
1,BIHAR,1991,932,1811,48838,255,723,785,57.9,17.654424242424238,3.705030303030304,24.06678787878788,11.616424242424245,29.531151515151514,108.0138787878788,185.72706060606063,449.68554545454543,177.4612424242424,30.72218181818181,1.0232727272727271,8.558303030303028,23.941378378378378,26.019378378378388,31.37651351351352,27.44881081081081,38.31194594594596,60.87005405405405,74.33954054054054,70.46454054054054,60.372297297297294,37.49959459459459,23.203000000000003,25.36789189189189,23.66308333333333,27.613,32.85377777777778,36.853694444444436,39.35738888888889,35.42086111111111,33.19125,31.736472222222208,32.460527777777784,31.902666666666665,28.440666666666655,24.349638888888887,9.322416666666667,12.751749999999998,16.69397222222222,21.24177777777778,25.607055555555558,24.88583333333333,25.860861111111113,24.90591666666667,24.58780555555556,21.429916666666664,14.647444444444439,9.85475
2,BIHAR,1992,806,1747,45384,170,564,708,56.8,17.558484848484845,4.8839696969696975,1.803636363636364,8.006666666666668,30.710787878787876,45.24403030303031,244.6678787878788,186.20278787878783,129.3349696969697,54.321999999999996,1.9504545454545452,0.08445454545454542,24.34586486486487,26.007351351351343,31.16140540540541,27.38097297297298,38.035189189189204,60.61143243243243,74.33954054054054,70.46454054054054,60.372297297297294,37.689108108108115,23.203000000000003,25.16567567567568,22.418055555555554,24.624972222222233,33.80902777777778,37.91838888888889,37.36802777777777,36.52761111111111,33.20597222222221,32.06777777777777,32.78491666666667,32.19886111111112,29.13327777777778,24.591777777777768,8.100222222222222,9.75622222222222,17.648694444444445,22.309055555555553,23.600750000000005,26.007277777777773,25.881,25.249861111111112,24.917805555555557,21.71469444444445,15.33305555555556,10.113055555555553
3,BIHAR,1993,1295,2105,36680,170,623,739,57.7,14.73739393939394,1.2496666666666667,13.150757575757575,11.28233333333333,48.3799090909091,71.55654545454544,126.59993939393938,213.68115151515147,277.53860606060607,69.41075757575759,2.2872121212121206,0.0,24.34586486486487,25.646756756756762,31.16140540540541,27.38097297297298,38.31194594594596,60.78910810810813,74.33954054054054,70.46454054054054,60.372297297297294,37.49959459459459,23.203000000000003,25.35700000000001,24.316722222222218,28.40813888888889,31.76402777777778,36.473333333333336,38.460638888888894,37.131861111111114,33.63758333333334,31.85375,32.32002777777777,32.37430555555555,28.688111111111112,25.306361111111112,9.988944444444446,13.537583333333332,15.620388888888884,20.867,24.714055555555554,26.62033333333333,26.307999999999996,25.030638888888888,24.446388888888887,21.900361111111106,14.880083333333335,10.812444444444445
4,BIHAR,1994,1297,2064,45968,425,630,823,69.8,58.82400000000001,18.46181818181818,20.25112121212121,20.93136363636364,20.994696969696967,107.5502121212121,236.24118181818187,309.06239393939387,74.16433333333333,108.27524242424244,2.7525757575757583,0.05424242424242425,24.34586486486487,25.646756756756762,31.16140540540541,27.38097297297298,38.31194594594596,60.78910810810813,74.33954054054054,70.46454054054054,60.372297297297294,37.49959459459459,23.203000000000003,25.35700000000001,24.76922222222223,26.12658333333333,33.63202777777778,36.666166666666655,38.96922222222224,36.80133333333333,32.90705555555555,31.959138888888887,32.676805555555546,31.913222222222235,29.023194444444453,24.74636111111111,10.439555555555557,11.260444444444447,17.468000000000004,21.05113888888889,25.20980555555556,26.26858333333334,25.572944444444452,25.13083333333333,24.802777777777774,21.44747222222223,15.231666666666662,10.263
5,BIHAR,1995,1318,1986,43843,-,633,608,73.9,19.497848484848486,19.629727272727283,14.890060606060604,6.058818181818182,32.275454545454544,57.87293939393938,211.44948484848481,245.3621212121212,223.33415151515155,13.584242424242422,19.63869696969697,1.6167878787878789,24.34586486486487,25.646756756756762,31.16140540540541,27.38097297297298,38.31194594594596,60.78910810810813,74.33954054054054,70.46454054054054,60.372297297297294,38.424162162162155,24.62581081081081,26.695432432432426,22.07316666666667,28.03116666666667,32.261222222222216,37.4586388888889,39.277305555555536,37.64911111111111,32.59188888888889,31.42855555555556,32.43163888888889,31.94758333333333,29.028138888888893,25.59361111111112,7.751944444444446,13.130777777777778,16.489361111111116,21.68922222222222,25.500555555555554,27.132972222222214,25.456166666666668,25.109166666666663,24.702083333333334,21.626638888888888,15.701888888888886,11.11641666666667
6,BIHAR,1996,656,2183,45081,-,659,801,80.6,25.02366666666667,12.497969696969696,2.2652727272727278,10.406696969696966,25.84309090909091,86.0020303030303,194.39757575757568,325.4147575757576,148.89887878787874,139.3151818181818,0.0026363636363636363,0.0019393939393939393,20.206729729729727,25.05983783783784,61.400189189189184,19.571162162162164,35.03497297297297,61.544432432432444,72.17121621621622,70.31732432432433,56.56689189189188,39.23643243243243,11.687594594594595,25.957594594594593,23.614916666666666,26.41158333333333,32.98705555555557,36.43188888888887,38.75383333333335,35.649722222222216,32.41663888888889,30.956555555555557,32.787138888888876,31.89891666666666,29.757388888888887,25.465222222222227,9.883166666666666,11.533583333333334,18.26563888888888,20.892,25.78463888888889,25.11105555555555,25.58319444444445,24.513777777777783,25.412472222222235,21.338861111111108,15.01391666666667,10.555722222222224
7,BIHAR,1997,1395,2337,45925,-,750,727,85.9,18.091757575757576,9.695696969696971,6.784909090909092,9.956696969696967,95.6142424242424,77.84515151515151,190.9573333333333,318.9279696969696,165.68187878787882,48.31693939393939,24.41845454545455,10.541121212121212,22.385270270270272,20.60048648648648,27.247459459459467,27.66989189189189,33.03840540540541,47.456081081081095,76.21743243243242,63.82359459459461,63.970351351351354,35.73672972972973,18.79886486486486,37.4098918918919,22.587472222222218,25.53952777777778,32.41433333333334,36.70488888888889,37.82191666666667,37.35544444444444,32.85077777777778,32.20986111111111,31.6973888888889,31.06983333333333,29.00333333333333,24.48905555555555,8.981722222222222,10.666805555555555,17.193555555555555,21.200861111111106,24.315499999999997,26.851194444444445,25.92505555555556,25.48988888888889,24.184055555555553,20.756805555555545,15.597083333333329,11.044194444444445
8,BIHAR,1998,1331,2076,47718,-,815,887,88.3,4.8728181818181815,18.13493939393939,8.629121212121214,15.077151515151515,96.1648181818182,43.59715151515151,203.15936363636365,276.59478787878794,178.51118181818188,171.9657878787878,18.885060606060605,0.0,24.717243243243235,26.2,24.946567567567573,52.225297297297296,36.187135135135144,53.09289189189189,73.95978378378378,75.59545945945946,59.811378378378365,39.44308108108108,26.604621621621614,27.487513513513512,23.491249999999994,26.75233333333333,30.555861111111113,36.21019444444444,38.338722222222216,38.395611111111116,32.264861111111124,32.03169444444444,32.47188888888889,33.653749999999995,29.267472222222214,25.60088888888889,9.164083333333332,12.864833333333333,15.423888888888895,21.40319444444445,25.14,27.91644444444444,25.604944444444442,26.04997222222222,25.457916666666666,23.79369444444444,16.41263888888889,11.64630555555556
9,GUJARAT,1990,1491,2014,89600,244,776,673,68,0.03133333333333333,2.3751111111111114,0.011166666666666668,0.0,22.39611111111111,69.03455555555556,222.23322222222225,445.65722222222223,130.16827777777777,16.926833333333335,5.505611111111112,13.240555555555556,10.8815,10.718100000000002,19.14545,19.2355,21.5715,45.18674999999999,72.32915,71.86880000000002,49.84595000000001,18.913599999999995,11.4616,10.442249999999998,29.65294736842105,30.08942105263159,32.40921052631579,36.36010526315789,37.71205263157895,35.15268421052631,31.227631578947374,30.015368421052628,31.071421052631568,33.88168421052631,32.186631578947356,29.12768421052632,13.8458,14.11565,16.83015,22.23505,24.962699999999995,25.67575,24.360900000000004,23.5096,22.73295000000001,20.609400000000004,17.3958,13.704050000000002
10,GUJARAT,1991,1155,2214,85186,177,572,469,74.9,0.04722222222222223,0.10894444444444444,0.19988888888888887,0.14033333333333334,0.6411111111111111,98.5547777777778,366.6886666666666,89.00088888888891,28.130444444444446,1.5723333333333336,2.595333333333333,0.8586111111111111,10.36005,10.030399999999998,19.5741,17.949250000000006,20.8259,44.663999999999994,72.39209999999999,71.4215,48.89215,18.010200000000005,11.0549,10.29405,27.097684210526317,29.673421052631568,33.95068421052632,36.62747368421053,37.93905263157895,36.20194736842105,31.57368421052632,30.22784210526316,31.56021052631579,33.696263157894734,32.13315789473684,28.847947368421053,11.272549999999995,13.6626,18.33385,22.2083,25.1803,26.766750000000005,24.646549999999994,23.71405,22.77635,20.4145,17.31205,13.42275
11,GUJARAT,1992,1441,2225,85472,294,1091,665,69.2,0.3283888888888889,0.6118888888888888,0.01333333333333333,0.0002222222222222222,1.7628888888888892,61.600277777777755,251.8925,153.55616666666663,229.77877777777775,6.926,3.810944444444445,0.0,10.25775,10.030399999999998,18.79185,17.949250000000006,20.4062,43.905800000000006,71.51565,71.10579999999999,48.75940000000001,17.737000000000005,10.6633,9.9325,28.04568421052631,28.295473684210528,33.414631578947365,35.491894736842106,37.71757894736841,36.34836842105263,32.24731578947369,30.393736842105266,31.095368421052626,33.785947368421056,31.686000000000003,29.823631578947364,12.2279,12.244000000000002,17.7949,21.0637,24.95305,26.8888,25.32935,23.86935,22.2952,20.5179,16.86005,14.401049999999998
12,GUJARAT,1993,1403,1905,79688,245,521,605,63.7,0.03161111111111111,1.9441666666666664,0.3652777777777778,0.007555555555555555,2.595666666666667,63.69216666666666,424.91900000000004,71.49366666666667,98.80383333333332,22.46316666666667,18.537111111111106,0.2613888888888889,10.25775,10.030399999999998,18.79185,17.949250000000006,20.4062,43.905800000000006,71.51765,71.10579999999999,48.75940000000001,17.737000000000005,10.6633,9.9325,28.648157894736837,30.773947368421048,33.242842105263165,36.337526315789475,38.12689473684211,36.06047368421052,31.657052631578946,31.51994736842105,32.14957894736842,34.92847368421053,32.88852631578948,29.99373684210526,12.832949999999995,14.7446,17.61535,21.92459999999999,25.370099999999994,26.6069,24.723450000000003,25.00565,23.36285,21.6781,18.0804,14.578499999999998
13,GUJARAT,1994,1543,2723,69716,320,1219,575,74.4,4.105111111111111,0.0010555555555555557,2.1166666666666667,0.17194444444444446,1.103,165.77922222222222,369.5049444444445,254.82522222222227,407.7742222222222,3.890388888888889,1.3242777777777777,0.024222222222222218,10.25775,10.030399999999998,18.79185,17.949250000000006,20.4062,43.905800000000006,71.51765,71.10579999999999,48.75940000000001,17.737000000000005,10.6633,9.9325,29.095578947368413,29.351368421052637,35.040894736842105,36.28626315789474,38.20131578947369,34.672684210526306,30.266631578947372,30.43573684210526,31.415,33.890263157894736,32.042578947368426,28.51342105263159,13.286450000000006,13.3241,19.4222,21.85205,25.437799999999992,25.193600000000004,23.3255,23.94,22.6359,20.62485,17.214349999999996,13.09225
14,GUJARAT,1995,1450,2220,65045,265,741,543,70.6,0.7571111111111112,0.04016666666666667,1.8930555555555555,0.7963888888888891,1.708333333333333,27.66,293.9415,72.90627777777777,94.74733333333334,10.620388888888892,6.079777777777778,2.0424444444444445,10.25775,10.030399999999998,18.79185,17.949250000000006,20.4062,43.905800000000006,71.51765,71.10579999999999,48.75940000000001,18.24865,8.7911,11.00915,26.985421052631573,29.98221052631579,32.811263157894736,36.14752631578947,38.18173684210525,36.96921052631579,32.18373684210526,31.182736842105264,32.48515789473684,35.39652631578947,31.69963157894736,29.59636842105264,11.158599999999995,13.960200000000002,17.18415,21.723800000000004,25.41495,27.51260000000001,25.2663,24.67205,23.7031,22.13955,16.88225,14.187449999999998
15,GUJARAT,1996,-,2299,68783,304,1339,721,76.2,0.508,0.13144444444444445,0.26944444444444443,0.1905555555555556,1.4562777777777778,154.7706111111111,432.44644444444435,177.95111111111112,94.83783333333336,54.37550000000002,0.8291666666666666,0.0,9.9903,10.0392,22.672249999999995,15.946049999999998,13.8554,41.858000000000004,70.14665000000001,78.01849999999997,65.48119999999999,23.44655000000001,8.396999999999998,5.79565,28.381052631578946,30.869052631578946,35.56021052631578,36.68484210526316,37.849105263157895,35.64073684210528,31.85131578947368,30.00321052631579,31.628473684210526,33.83831578947368,31.373789473684216,29.258526315789474,12.56665,14.857799999999996,19.94495,22.257150000000006,25.09185,26.16925,24.9288,23.4773,22.826999999999998,20.5717,16.549999999999994,13.8291
16,GUJARAT,1997,-,2373,71735,356,1314,685,102,4.247222222222222,0.0,0.8900555555555557,2.9080555555555554,8.734166666666667,193.59688888888888,237.7845555555556,266.4454444444444,117.0227777777778,7.57,9.429666666666668,2.2612222222222216,9.60115,9.6697,21.54385,24.420850000000005,14.4901,46.98949999999999,64.67429999999999,68.77965000000002,43.37335000000001,10.10875,16.83165,15.88155,27.421157894736844,29.289210526315788,34.137263157894736,35.277947368421046,36.75678947368421,34.63347368421052,31.66994736842105,30.25889473684211,31.85552631578948,33.681631578947375,33.05894736842105,28.668263157894746,11.6072,13.270399999999995,18.512550000000005,20.84935,23.99210000000001,25.15685,24.7304,23.7362,23.062549999999995,20.4145,18.249,13.255199999999995
17,GUJARAT,1998,-,2427,49231,400,1325,735,92.7,0.16588888888888892,1.2421666666666669,2.8742777777777784,0.16561111111111113,1.2303888888888888,145.48650000000004,422.0398333333334,194.2911111111111,211.99027777777772,84.03438888888887,7.0197777777777794,0.0,11.10655,11.2619,17.39635,17.286350000000002,17.314899999999998,39.9975,67.5385,71.19800000000001,52.4757,21.596950000000003,16.7071,9.495850000000004,27.97389473684211,29.536684210526317,33.316315789473684,37.552631578947356,38.83857894736842,36.03631578947368,31.657368421052638,31.24926315789473,31.939,35.637210526315776,31.732421052631572,28.75610526315789,12.153100000000002,13.517999999999999,17.684,23.127800000000004,26.08575,26.5772,24.722700000000003,24.739550000000005,23.148250000000004,22.39155,16.8967,13.31835
18,HIMACHAL PRADESH,1990,1254,1599,12680,170,276,312,35.2,11.412300000000002,98.6115,83.635,18.061200000000003,78.5899,31.7795,236.118,259.2576,235.4144,4.7578000000000005,15.9163,45.3702,40.5348,41.1088,41.2847,37.2561,36.1486,43.0637,58.10370000000001,54.82040000000001,39.18560000000001,21.0484,17.1734,35.2758,17.828363636363637,18.24772727272727,21.258090909090914,28.359,33.73463636363636,35.31827272727273,30.38281818181818,29.619636363636364,29.463,26.49136363636364,22.73027272727273,17.250363636363634,6.338545454545455,6.437454545454545,8.591727272727272,14.768181818181818,20.20190909090909,23.63309090909091,21.409909090909096,21.314272727272726,19.195181818181826,13.852363636363634,8.055636363636362,5.3847272727272735
19,HIMACHAL PRADESH,1991,1236,1576,13381,510,327,333,34.7,6.2074,27.3649,17.3787,55.79360000000001,35.0183,134.7236,29.843300000000006,187.2439,96.0113,3.7952,2.6165,10.8541,39.2645,38.6187,42.43220000000001,36.0217,34.99100000000001,40.4701,56.3348,55.7865,35.46490000000001,19.1072,18.8405,32.6665,13.897272727272728,18.00809090909091,23.051,27.56963636363637,33.241,33.56454545454545,32.00963636363636,29.49345454545455,29.56127272727273,26.91745454545455,22.08209090909091,18.08081818181818,1.7695454545454548,5.709363636363635,10.232181818181818,13.543181818181822,18.99609090909091,21.286454545454546,23.103,21.366818181818182,19.374636363636363,13.517545454545456,7.715636363636364,5.066454545454546
20,HIMACHAL PRADESH,1992,1347,1618,13045,510,347,328,31.1,64.35990000000001,63.11630000000001,36.34070000000001,13.5227,42.23130000000001,49.3102,176.02370000000005,197.4964,123.4698,5.5318000000000005,41.9072,2.7112,39.2616,38.6187,42.20159999999999,36.0583,34.5621,40.28100000000001,56.3303,55.87450000000001,35.4145,19.158099999999994,18.8405,32.4123,16.625272727272726,16.828909090909093,22.659727272727274,29.032090909090915,32.29781818181819,34.07390909090909,30.064,29.463545454545454,29.06545454545455,27.62727272727273,22.898818181818186,18.78381818181818,4.498545454545455,4.537636363636363,9.84218181818182,15.001909090909093,18.053272727272727,21.793000000000003,21.159000000000002,21.33190909090909,18.87836363636364,14.230454545454545,8.53281818181818,5.7656363636363634
21,HIMACHAL PRADESH,1993,1238,1104,10875,510,226,230,29.2,19.0279,25.916300000000003,29.7894,27.1945,19.5127,104.7881,176.82999999999996,31.6024,172.0735,0.0607,0.0037,0.1103,39.2616,38.6187,42.20159999999999,36.0583,34.5621,40.28100000000001,56.3303,55.87450000000001,35.4145,19.158099999999994,18.8405,32.4123,15.514636363636365,19.41518181818182,21.01518181818182,29.09172727272728,34.19263636363637,34.212363636363634,30.51227272727273,30.43836363636364,29.12618181818182,27.57490909090909,23.61545454545455,18.158727272727273,3.3909090909090915,7.125636363636365,8.193909090909091,15.069909090909091,19.95763636363636,21.93627272727273,21.607454545454544,22.316818181818185,18.94136363636364,14.165999999999999,9.264363636363637,5.1374545454545455
22,HIMACHAL PRADESH,1994,1358,1582,17833,340,387,338,30,37.53999999999999,23.0263,14.964800000000006,9.9371,65.803,44.47509999999999,228.201,175.65,135.015,2.6939,0.0037,11.7043,39.2616,38.6187,42.20159999999999,36.0583,34.5621,40.28100000000001,56.3303,55.87450000000001,35.4145,19.158099999999994,18.8405,32.4123,16.61309090909091,17.71118181818182,24.71727272727273,27.522454545454544,34.00490909090909,35.433090909090915,31.37436363636364,29.85136363636364,29.19536363636364,27.24527272727273,23.04081818181818,18.282818181818183,4.47490909090909,5.413363636363636,11.904545454545454,13.503363636363638,19.760545454545454,23.15709090909091,22.45918181818182,21.72481818181818,19.00590909090909,13.845999999999998,8.680454545454547,5.26
23,HIMACHAL PRADESH,1995,1346,1410,20938,340,470,287,30.4,54.9768,125.12220000000002,24.1483,7.8862,1.8208,117.0145,225.0283,359.9269,120.0936,3.6276,38.1159,2.2297,39.2616,38.6187,42.20159999999999,36.0454,34.5621,40.28100000000001,56.3303,55.87450000000001,35.4145,26.101299999999995,22.9268,39.4452,14.18618181818182,17.419363636363638,21.93845454545454,27.86945454545455,34.92154545454545,35.45454545454545,30.412727272727274,28.76190909090909,29.114,27.93090909090909,23.29,18.268818181818183,2.0542727272727275,5.132090909090909,9.576818181818183,14.423181818181815,21.06336363636364,23.96190909090909,21.658090909090905,20.435,19.19472727272728,15.008727272727274,8.772636363636362,5.5992727272727265
24,HIMACHAL PRADESH,1996,1329,1487,20676,170,475,325,35.3,65.3701,62.6164,42.016999999999996,26.5595,38.1697,239.3605000000001,170.00000000000003,402.3083,88.66529999999999,15.8391,0.13379999999999995,6.4239,31.1393,37.0789,48.83130000000001,32.3768,39.8331,47.4542,49.6111,56.4053,32.4597,19.145,16.0841,15.9401,16.006727272727275,19.240727272727273,23.72363636363637,29.72627272727273,32.448454545454545,33.18572727272727,30.12045454545455,27.631636363636364,29.17309090909091,27.28672727272728,22.223727272727274,16.881272727272727,3.870909090909091,6.674454545454546,11.452454545454545,16.011545454545455,18.77409090909091,21.281727272727274,21.493727272727273,19.972545454545454,19.47772727272727,13.886090909090907,8.012636363636366,3.754363636363637
25,HIMACHAL PRADESH,1997,1397,1700,36605,340,479,361,35.9,23.3717,14.0713,23.1405,63.2747,28.406800000000004,174.5118,204.6422,284.8756,89.54230000000003,17.175900000000002,24.2819,8.8189,34.8472,31.1741,48.8533,31.6162,33.254,37.1148,46.7976,44.7378,31.702400000000004,27.1735,24.5843,42.3544,16.24509090909091,18.04418181818182,23.02854545454545,28.72327272727273,31.981727272727277,32.81690909090909,31.893818181818183,29.60845454545455,30.34481818181818,26.145545454545456,22.23081818181818,16.74354545454545,3.655818181818182,5.755454545454545,10.100818181818184,14.69718181818182,17.72472727272727,20.813,22.96127272727273,21.099818181818183,20.01263636363636,12.466636363636365,7.941999999999998,3.9298181818181823
26,HIMACHAL PRADESH,1998,1435,1700,36424,-,516,366,40.7,40.63120000000001,49.7781,53.86880000000001,44.0329,28.176900000000003,26.2663,198.8058,183.6893,132.5067,26.50470000000001,5.9415,6.487,33.1011,40.3693,43.6573,37.00510000000001,33.6069,36.74080000000001,51.8734,52.8015,35.8582,22.4653,15.469600000000005,33.4318,12.822909090909093,18.945181818181812,21.453909090909093,29.425545454545453,34.03972727272727,34.85245454545454,31.14990909090909,29.907545454545456,30.13790909090909,28.30636363636364,23.704181818181816,19.04618181818181,0.8610909090909089,6.324727272727272,8.530272727272726,15.64309090909091,20.52609090909091,23.489636363636365,22.565272727272724,22.09172727272728,20.48236363636364,15.313272727272727,8.614181818181818,5.863727272727273
27,KERALA,1990,1942,-,67863,267,462,734,82.5,9.43,12.77,17.61,32.302,288.029,324.423,322.418,118.706,85.431,334.715,229.536,28.338,35.315,32.805,34.766,47.77,57.428,72.863,76.768,71.40100000000002,65.25399999999999,61.37600000000001,55.346,45.952,30.518,32.108000000000004,32.945,33.665,32.438,30.931,29.649,29.697,30.279,30.571,30.573,30.644,21.275,22.777,24.035,25.493,25.072,24.559,23.405,23.534,23.658,23.545,23.167,22.327
28,KERALA,1991,1959,-,67543,275,475,708,74.4,4.965,16.233,26.388,94.418,158.782,863.566,386.97,216.507,61.12,402.628,90.345,6.8610000000000015,35.315,32.805,34.766,47.77,57.428,72.863,76.768,71.40100000000002,65.25399999999999,61.37600000000001,55.346,45.952,31.121,31.968000000000004,32.947,33.365,33.616,30.361,30.021,29.504,30.787,30.023000000000003,30.58,30.148000000000003,21.879,22.609,24.037,25.19,26.25,23.989,23.778,23.341,24.147,22.979,23.171,21.808000000000003
29,KERALA,1992,2017,-,69081,286,546,901,67.2,8.619,0.257,0.383,31.763,198.264,648.905,425.351,217.704,150.067,332.699,238.896,17.65,35.315,32.805,34.766,47.77,57.428,72.863,76.768,71.40100000000002,65.25399999999999,61.37600000000001,55.346,45.952,30.105,31.559,32.371,33.372,32.378,30.811,29.492,29.608,30.018,30.057,30.273000000000003,29.866,20.863000000000003,22.238000000000003,23.484,25.199,24.981,24.438,23.224,23.422,23.398000000000003,23.011,22.866,21.58
30,KERALA,1993,1977,-,81436,257,563,1448,58.5,0.72,3.996,36.469,65.604,129.185,535.4169999999998,392.65,143.864,101.675,370.271,360.7480000000001,161.616,35.315,32.805,34.766,47.77,57.428,72.863,76.768,71.40100000000002,65.25399999999999,61.37600000000001,55.346,45.952,29.868,30.861,32.658,33.184,32.514,30.969,29.353,30.037,30.509,29.999,30.39,30.208,20.603,21.54,23.752,25.011,25.146,24.597,23.11,23.85,23.888,22.974,22.974,21.892
31,KERALA,1994,1937,-,80983,269,619,895,65.4,12.06,52.143,25.894,105.678,190.402,231.815,401.114,214.656,91.774,378.643,106.647,24.009,35.315,32.805,34.766,47.77,57.428,72.863,76.768,71.40100000000002,65.25399999999999,61.37600000000001,55.346,45.952,30.909,31.87,32.55,32.321,32.455,30.472,29.511,29.915,30.734,30.187,30.711,30.403,21.665,22.54,23.662,24.147,25.058000000000003,24.099,23.244,23.752,24.113000000000003,23.118,23.305,22.087
32,KERALA,1995,2023,-,85721,268,564,719,66.8,52.809,7.877000000000002,23.182,163.291,323.677,303.721,275.738,215.368,153.56799999999996,235.903,147.504,1.289,35.315,32.805,34.766,47.77,57.428,72.863,76.768,71.40100000000002,65.25399999999999,61.37600000000001,55.346,45.952,31.286,32.456,32.628,33.034,31.937,31.247,30.118,29.952,30.442,30.981,30.92,30.279,22.034,23.106,23.722,24.86,24.541,24.847,23.852,23.789,23.821,23.936,23.504,21.963
33,KERALA,1996,1284,-,92898,279,615,713,61.7,16.464000000000002,16.064,2.071,280.031,76.79899999999998,622.32,328.176,319.149,203.729,347.219,65.375,60.774,31.109,27.677,32.84,47.094,53.31,77.548,83.492,73.922,82.10799999999998,59.306,57.208,57.214,31.394,31.973000000000006,32.961,32.901,33.116,30.732,29.94,29.773000000000003,29.846,30.402,30.982,29.699,22.143,22.613000000000003,24.073,24.729,25.75,24.351,23.672,23.588,23.225,23.359,23.574,21.38
34,KERALA,1997,4148,-,92898,291,695,797,71.6,13.853,0.257,46.099,100.906,119.897,323.801,319.406,231.53,383.145,363.185,364.353,74.275,28.616,29.083,36.949,41.986,62.38399999999999,67.491,82.941,71.497,67.035,58.591,64.291,58.346,31.196,31.813,32.777,32.434,32.474000000000004,31.462,30.072,30.029,30.312,30.752,30.969,31.459,21.93,22.483,23.889,24.262,25.106,25.089,23.806,23.867,23.69,23.683000000000003,23.561,23.17
35,KERALA,1998,4484,-,73155,282,596,794,60.1,3.301,1.685,0.797,149.714,259.446,256.55,458.415,444.98800000000006,332.959,388.369,232.953,139.916,33.805,29.626,32.353,37.145,59.275,79.867,77.29899999999998,71.91,79.179,67.314,54.734,64.882,32.03,32.809,33.755,33.915,32.63,31.363000000000003,29.978,30.19,29.945,30.251,30.703000000000007,30.542,22.788,23.488000000000003,24.868,25.742,25.264,24.971,23.71,24.027,23.324,23.183000000000003,23.296,22.224
36,PUNJAB,1990,3229,3715,59406,463,958,740,161.9,3.0444375,49.43056250000001,43.27131249999999,12.009,19.185062500000004,17.562250000000002,147.3498125,176.86431249999995,164.21875,2.2665625,8.5509375,29.636124999999996,31.127235294117646,31.681647058823533,33.45582352941177,30.846058823529415,25.821470588235297,32.456117647058825,52.77758823529413,50.05888235294118,29.44100000000001,12.714117647058822,11.103529411764708,26.487705882352945,22.345470588235287,22.986764705882354,27.147,35.04282352941176,40.13641176470588,41.237529411764704,35.68352941176471,34.833352941176464,35.281,32.498705882352944,28.757235294117645,22.058705882352942,8.339235294117648,9.053647058823527,12.67105882352941,19.653705882352934,24.949235294117642,28.32811764705882,25.965882352941176,26.050117647058826,23.855411764705877,17.89982352941177,11.793882352941177,7.522705882352941
37,PUNJAB,1991,3257,3803,63486,607,1256,780,168.4,0.792875,22.754999999999995,9.859687499999998,35.85087499999999,21.4755625,78.59156250000002,30.45168749999999,130.314,46.779,2.18475,2.787375,10.653687500000002,30.272235294117646,29.945529411764703,35.28258823529412,29.559,25.75994117647059,30.225235294117645,52.086000000000006,50.67788235294118,27.154529411764702,11.444882352941177,12.904000000000002,25.209764705882353,20.45817647058823,23.47558823529411,28.191294117647065,33.882823529411766,39.87964705882352,40.031588235294116,38.015823529411776,34.884529411764696,35.43047058823529,32.88211764705883,27.78505882352941,23.18711764705882,5.88970588235294,9.173764705882354,13.625941176470587,18.195705882352947,24.193294117647056,26.830705882352945,28.65547058823529,26.394294117647057,24.594411764705878,17.711882352941178,11.274529411764707,7.811647058823531
38,PUNJAB,1992,3391,3770,56866,570,1224,730,159.9,33.1828125,28.6113125,9.895625,9.8336875,32.34981249999999,17.93775,82.693,162.83100000000002,83.99799999999998,3.846562500000001,15.801375,1.6760000000000002,30.145117647058825,29.945529411764703,34.94570588235293,29.710294117647052,25.012823529411765,29.940588235294122,51.93547058823529,50.745588235294115,27.014470588235287,11.476352941176472,12.887294117647054,24.916117647058822,21.62611764705883,22.59217647058824,28.248411764705878,35.070882352941176,39.15264705882353,41.16958823529411,35.7625294117647,34.718294117647055,34.849294117647055,33.36694117647059,28.346470588235288,24.233235294117645,7.05905882352941,8.268588235294116,13.68841176470588,19.383705882352945,23.456235294117647,27.961176470588235,26.401117647058825,26.219941176470588,23.999176470588235,18.19088235294118,11.829647058823529,8.840705882352939
39,PUNJAB,1993,3507,4011,61169,446,1329,796,159.6,8.5929375,11.0295,16.468062500000002,19.953625,15.031499999999998,28.5035625,158.3056875,35.39324999999999,82.0360625,0.351125,0.0,0.006687500000000001,30.145117647058825,29.945529411764703,34.94570588235293,29.710294117647052,25.012823529411765,29.940588235294122,51.93547058823529,50.745588235294115,27.014470588235287,11.476352941176472,12.887294117647054,24.916117647058822,20.60505882352941,25.265588235294114,27.387470588235296,35.58435294117647,41.70058823529412,41.3564705882353,36.055,36.8059411764706,34.56711764705882,33.43723529411765,29.08582352941177,23.123470588235296,6.030764705882353,10.95705882352941,12.828294117647062,19.89188235294117,26.020882352941168,28.154000000000003,26.689117647058826,28.315294117647053,23.720588235294123,18.26594117647059,12.575470588235294,7.747235294117647
40,PUNJAB,1994,3383,4090,62169,499,1260,878,170.2,16.674062499999998,8.3925625,7.955625,6.850875,50.9189375,31.4011875,142.623875,89.5135625,95.1073125,1.4763125,0.0,6.146187500000001,30.145117647058825,29.945529411764703,34.94570588235293,29.710294117647052,25.012823529411765,29.940588235294122,51.93547058823529,50.745588235294115,27.014470588235287,11.476352941176472,12.887294117647054,24.916117647058822,21.735647058823535,23.305588235294124,30.406705882352945,34.27,41.09735294117647,41.98158823529411,36.02623529411765,34.73323529411764,34.40635294117648,32.89747058823529,28.742764705882355,23.648705882352942,7.163294117647059,8.990882352941178,15.842294117647054,18.56270588235294,25.42194117647059,28.77717647058824,26.666352941176466,26.249235294117646,23.564588235294124,17.715117647058822,12.226529411764707,8.26994117647059
41,PUNJAB,1995,3132,3884,65303,442,1214,815,165.7,23.872,67.00187500000001,19.9693125,5.520437499999999,0.4430000000000001,51.9465625,129.430625,230.28375,88.80449999999998,1.9979375,7.537312500000001,1.1926874999999997,30.145117647058825,29.945529411764703,34.94570588235293,29.69941176470588,25.012823529411765,29.940588235294122,51.93547058823529,50.745588235294115,27.014470588235287,18.690588235294122,15.558176470588233,30.86035294117648,20.54658823529412,23.274647058823533,27.426588235294123,33.95076470588236,41.55258823529412,42.27688235294118,36.78023529411765,33.78711764705882,35.123529411764714,34.143588235294125,28.778588235294123,23.311411764705877,5.973,8.965588235294119,13.273764705882357,18.602176470588233,26.127470588235287,29.648176470588236,27.526294117647055,25.21082352941176,24.556764705882355,19.283117647058823,12.097882352941177,8.137882352941176
42,PUNJAB,1996,10542,4234,63815,441,1322,821,158.4,21.265875,23.050124999999994,17.799500000000005,4.7025,10.993187500000005,155.70625,92.2155625,227.62412499999996,36.971125,3.5509375000000003,6.25e-05,0.653,21.63600000000001,26.910352941176466,36.32141176470589,27.61758823529412,25.455294117647068,35.27129411764706,41.94735294117647,50.872941176470604,22.32300000000001,9.23994117647059,6.695294117647059,4.3088235294117645,21.10841176470588,24.28294117647059,29.504588235294122,36.17058823529412,39.62129411764706,39.077529411764715,36.68035294117648,34.17358823529411,34.739117647058826,33.26658823529412,27.87676470588236,22.241235294117647,6.529470588235292,9.85064705882353,15.254411764705877,20.580823529411767,24.23188235294118,26.083705882352945,27.478647058823533,25.893529411764714,24.24317647058823,18.090529411764702,11.386705882352944,6.838117647058825
43,PUNJAB,1997,10542,3853,56746,220,1129,683,169.6,16.1874375,8.906749999999997,15.9491875,30.174875,23.773375000000005,92.41825,208.01887499999995,266.6065625,45.871375,18.73075,15.027875,3.6041875,26.65076470588236,19.73235294117647,41.17405882352941,31.37270588235293,22.40611764705883,26.880411764705876,47.96435294117647,44.64452941176469,24.4355294117647,23.942823529411758,16.224705882352946,36.55017647058824,20.981882352941177,23.285294117647055,28.47988235294118,34.551764705882356,37.994764705882346,38.943588235294115,37.004411764705885,34.570235294117644,35.79717647058824,31.891294117647057,27.696882352941174,20.72135294117647,5.912470588235293,8.975882352941175,13.854529411764707,18.849764705882357,22.304176470588242,25.84258823529411,27.703647058823535,25.814764705882354,24.89811764705882,16.46617647058823,11.187235294117649,5.455
44,PUNJAB,1998,3152,4332,59515,180,1076,654,175.4,8.6040625,27.2529375,19.0505,22.059625000000004,9.9523125,19.2819375,172.28124999999991,92.7271875,53.3305,13.630375,3.2063125,1.7697499999999995,22.60558823529412,30.013058823529416,34.37152941176471,28.70105882352941,18.18264705882353,20.91435294117647,45.863294117647065,44.66947058823529,30.810941176470585,15.169941176470585,11.251,29.791352941176466,20.037117647058825,23.948647058823532,27.247294117647066,35.89529411764706,41.14317647058822,41.17558823529411,36.44429411764706,35.51388235294118,35.26623529411766,34.033,29.490294117647057,22.883647058823534,5.557176470588236,9.491117647058822,12.630176470588234,20.296705882352946,25.853117647058827,28.592705882352934,27.22094117647059,27.127647058823534,24.748352941176467,19.020764705882357,12.236705882352943,7.494117647058824
45,TAMIL NADU,1990,3116,500,100817,290,1081,403,128.8,21.01241379310345,6.256068965517242,13.229379310344827,14.083586206896554,135.41237931034485,137.62934482758618,84.69427586206895,64.6675172413793,98.4721379310345,326.5185517241378,123.79610344827586,67.43648275862071,31.77448275862068,27.85968965517241,29.455724137931036,41.42562068965517,51.66937931034483,70.30362068965518,76.75603448275861,70.27810344827587,63.244413793103455,61.04948275862069,53.213793103448275,42.03231034482758,29.10375862068965,31.70393103448276,33.439379310344826,34.53789655172413,33.35406896551724,32.53096551724138,31.45451724137931,31.014724137931037,31.552310344827585,30.501034482758627,29.870896551724137,29.213965517241373,19.87579310344828,21.75989655172414,23.37024137931035,25.226275862068963,24.264,24.33527586206897,23.530448275862074,23.15637931034483,23.476724137931036,22.787758620689655,22.305689655172415,21.209655172413797
46,TAMIL NADU,1991,3115,500,104566,281,1231,416,123,3.3781034482758625,6.984103448275862,12.16996551724138,30.533965517241388,70.97824137931035,241.7118965517241,119.10617241379309,95.58613793103449,88.22610344827585,270.105448275862,147.89920689655173,21.085620689655173,31.77148275862068,27.785344827586204,29.402965517241388,41.42562068965517,51.70565517241378,70.30362068965518,76.75603448275861,70.27810344827587,63.244413793103455,60.950517241379316,53.0103448275862,42.03220689655172,30.05193103448276,31.245482758620682,33.264034482758625,34.31393103448276,34.60468965517241,31.85051724137932,31.817931034482754,31.138379310344824,31.925034482758623,30.451206896551728,29.34565517241379,28.72475862068965,20.823517241379317,21.29641379310345,23.200413793103447,24.994586206896553,25.516448275862068,23.654,23.905000000000005,23.28775862068965,23.858482758620692,22.747724137931037,21.776379310344833,20.721379310344826
47,TAMIL NADU,1992,3116,500,106977,289,1343,464,120.6,5.446137931034484,0.0929310344827586,0.17010344827586207,12.146310344827588,113.81872413793104,188.12737931034485,150.323275862069,146.88462068965518,103.21662068965514,178.377724137931,208.09013793103452,51.34506896551724,31.77148275862068,27.785344827586204,29.402965517241388,41.42562068965517,51.70565517241378,70.30362068965518,76.75603448275861,70.27810344827587,63.244413793103455,60.950517241379316,53.0103448275862,42.03220689655172,28.875586206896553,31.10751724137932,32.12255172413793,33.90589655172414,33.806241379310336,32.453793103448284,31.56331034482759,31.293241379310345,31.401344827586197,30.537413793103447,29.611827586206893,28.255586206896552,19.641931034482752,21.161241379310344,22.05465517241379,24.593724137931037,24.706655172413797,24.25562068965518,23.646655172413798,23.44368965517241,23.333965517241374,22.834275862068967,22.040586206896553,20.253896551724146
48,TAMIL NADU,1993,2927,500,104217,316,1446,401,111.9,2.4710344827586206,3.578689655172413,17.358586206896554,22.494586206896553,85.35103448275862,201.23148275862067,123.49224137931034,118.37693103448278,70.16679310344827,243.13817241379311,231.40055172413798,230.50075862068962,31.77148275862068,27.785344827586204,29.402965517241388,41.42562068965517,51.70565517241378,70.30362068965518,76.75603448275861,70.27810344827587,63.244413793103455,60.950517241379316,53.0103448275862,42.03220689655172,28.870103448275863,30.745655172413787,32.86048275862069,33.94682758620689,34.21637931034483,32.4556551724138,31.65413793103448,31.417413793103446,31.498344827586198,30.095862068965516,29.38396551724138,28.40796551724138,19.640620689655176,20.800896551724133,22.791448275862063,24.620172413793103,25.112241379310344,24.25237931034483,23.736724137931038,23.56262068965517,23.43306896551724,22.39162068965517,21.812517241379318,20.397517241379308
49,TAMIL NADU,1994,3394,1000,111214,293,1455,492,123.8,5.766137931034484,41.36079310344827,10.718172413793102,42.343689655172405,82.25786206896551,73.25231034482759,126.5010344827586,80.87624137931033,41.701241379310346,269.4796206896552,164.9594137931034,32.77293103448276,31.77148275862068,27.785344827586204,29.402965517241388,41.42562068965517,51.70565517241378,70.30362068965518,76.75603448275861,70.27810344827587,63.244413793103455,60.950517241379316,53.0103448275862,42.03220689655172,29.636517241379323,31.070275862068964,32.704827586206896,33.54675862068965,34.18241379310345,32.613965517241375,31.419965517241387,31.47993103448276,32.00879310344827,30.298379310344828,29.062517241379307,28.50875862068965,20.399793103448275,21.125206896551727,22.63837931034483,24.228034482758623,25.082620689655176,24.418413793103447,23.49631034482759,23.627827586206887,23.93655172413793,22.587206896551727,21.496034482758628,20.507758620689657
50,TAMIL NADU,1995,2712,500,100994,221,1458,404,105.5,46.48110344827586,16.211586206896552,14.680206896551725,57.26272413793103,146.64520689655174,99.60027586206895,107.72734482758621,162.43434482758616,128.23655172413794,208.4826206896552,82.33706896551723,10.699827586206895,31.77148275862068,27.785344827586204,29.402965517241388,41.42562068965517,51.70565517241378,70.30362068965518,76.75603448275861,70.27810344827587,63.244413793103455,60.950517241379316,53.0103448275862,42.03220689655172,29.59431034482759,31.450413793103447,32.69479310344827,34.00875862068965,33.141724137931035,32.86899999999999,31.511172413793105,31.17262068965517,31.709689655172426,30.82631034482759,30.185689655172407,28.87675862068965,20.356724137931035,21.50306896551724,22.62306896551724,24.69289655172414,24.04479310344828,24.675689655172416,23.59079310344828,23.32162068965517,23.64079310344827,23.11693103448276,22.620551724137933,20.867000000000004
51,TAMIL NADU,1996,876,500,99841,222,438,400,110.5,5.505586206896552,9.796965517241377,1.0456551724137932,140.01437931034485,50.27424137931034,252.9782758620689,113.82155172413789,152.52889655172416,154.36248275862067,249.76693103448284,126.48058620689655,135.30206896551724,22.884689655172416,16.175724137931038,26.12848275862069,40.42868965517242,46.523689655172426,72.3222068965517,81.49834482758618,71.17606896551726,74.67982758620687,58.94024137931035,50.073931034482754,49.88331034482759,29.848862068965516,31.14544827586207,32.69351724137931,33.646034482758616,34.75075862068965,31.722965517241377,31.53262068965518,31.177241379310345,30.966379310344823,30.592344827586214,29.86565517241379,28.46289655172414,20.611137931034477,21.197137931034483,22.626068965517245,24.322068965517243,25.65520689655173,23.52368965517241,23.61527586206897,23.327344827586213,22.892827586206888,22.886655172413803,22.296724137931037,20.46227586206896
52,TAMIL NADU,1997,3050,500,106731,267,1473,413,150.4,10.281275862068966,0.14620689655172414,23.108724137931038,56.899241379310354,53.52975862068965,111.22531034482758,127.20544827586208,102.65168965517245,128.6082068965517,294.7317586206896,345.6767931034484,128.4409655172414,25.185103448275854,21.326241379310343,30.582586206896554,35.119655172413786,53.43575862068965,65.6998620689655,80.55948275862069,70.90610344827584,63.039931034482755,53.683413793103455,61.35962068965517,48.91565517241378,29.58703448275863,30.859413793103446,32.967034482758606,33.416586206896554,34.258448275862065,33.31410344827585,32.183827586206895,31.67768965517241,31.796999999999993,30.725206896551715,29.80744827586207,29.56651724137931,20.350689655172413,20.918241379310345,22.92024137931034,24.100172413793107,25.1646551724138,25.11593103448276,24.27344827586208,23.826103448275862,23.733034482758622,23.021241379310347,22.24682758620689,21.567344827586204
53,TAMIL NADU,1998,3579,500,110270,316,1649,478,147.3,8.422103448275863,0.666103448275862,0.4011379310344828,68.70189655172413,96.06624137931034,80.69382758620691,219.30810344827592,233.4393103448276,119.30741379310345,205.5335172413793,174.63610344827592,154.6073793103448,26.645862068965517,18.326689655172416,26.31500000000001,31.880724137931036,52.527965517241384,74.61368965517241,75.76896551724137,71.70524137931034,72.37999999999998,66.28155172413794,49.874586206896545,51.758448275862065,30.72513793103449,32.29079310344828,33.856758620689675,34.675551724137925,34.636103448275854,33.43455172413793,31.79679310344828,31.430413793103448,31.465999999999994,30.703827586206888,29.947172413793105,28.947241379310345,21.491206896551727,22.343931034482754,23.788137931034484,25.368275862068963,25.548793103448283,25.23513793103448,23.883655172413803,23.5733448275862,23.39924137931035,22.993344827586213,22.378310344827586,20.948448275862077
54,UTTAR PRADESH,1990,1827,2171,55811,178,794,912,88.7,0.15695652173913044,23.82407246376812,5.61504347826087,6.317927536231883,23.48207246376813,125.2196231884058,337.6947971014491,302.1919710144928,238.7422898550724,8.869826086956524,2.188333333333333,10.664144927536233,26.11474242424242,26.578196969696968,32.46342424242425,27.93769696969697,35.949151515151506,56.55630303030304,72.17904545454549,70.2166212121212,55.222060606060616,30.44901515151515,16.376227272727274,24.29983333333333,24.7222463768116,25.70289855072464,30.47868115942029,37.84727536231883,39.706579710144936,39.26768115942029,32.93160869565217,32.6554347826087,32.66168115942028,32.6315072463768,29.448362318840577,24.010275362318843,10.02644285714286,10.944685714285717,14.387771428571426,21.682500000000005,25.335557142857148,27.939857142857136,25.249971428571424,25.619057142857145,24.48257142857143,19.520257142857147,13.461071428571428,9.652357142857143
55,UTTAR PRADESH,1991,1739,2344,57486,182,777,577,88.7,7.906391304347826,14.756797101449274,8.311289855072465,8.676753623188405,22.31814492753624,47.21621739130436,69.52718840579709,214.35971014492756,110.00715942028988,0.8521884057971012,5.422217391304348,24.68195652173914,26.47190909090909,22.37784848484848,30.24309090909091,25.13290909090909,31.84022727272728,53.58409090909091,69.71559090909092,68.77568181818181,50.0943181818182,26.45718181818182,16.9695,21.53203030303031,22.28044927536232,27.06984057971015,32.392391304347825,37.25153623188407,41.6643768115942,39.06572463768115,35.77134782608696,32.17971014492755,33.68344927536232,32.61546376811594,28.333782608695653,24.165971014492758,7.488757142857142,11.685814285714288,15.848371428571431,20.77028571428572,26.446085714285704,27.270871428571418,27.6554,24.86935714285714,24.494628571428567,19.13627142857143,12.649957142857142,8.814485714285713
56,UTTAR PRADESH,1992,1773,2226,55413,184,705,865,85.5,23.915463768115945,11.128855072463768,4.446623188405796,3.7536231884057982,15.326376811594207,31.85855072463768,122.7345217391304,196.78926086956528,148.2997826086956,48.81126086956521,21.193130434782606,0.015434782608695654,26.47622727272728,22.37784848484848,30.24933333333333,25.13290909090909,31.8279393939394,53.57422727272729,69.7109393939394,68.77568181818181,50.10333333333336,26.451318181818177,16.9695,21.53921212121212,23.14752173913044,24.70459420289855,32.77131884057972,38.21327536231883,39.94859420289856,39.66428985507246,34.5321884057971,32.499333333333325,33.010318840579714,32.96079710144927,29.306188405797094,24.32888405797102,8.345114285714287,9.314085714285717,16.234785714285714,21.729571428571425,24.72022857142857,27.862414285714287,26.43132857142857,25.192742857142864,23.823857142857147,19.497457142857147,13.638114285714288,8.979185714285718
57,UTTAR PRADESH,1993,1902,2306,59110,185,828,875,88.8,10.527579710144927,2.3927536231884057,10.684594202898552,3.8428405797101437,19.8524927536232,82.46113043478263,217.58395652173908,170.75714492753627,263.2358550724638,18.199521739130443,0.03752173913043479,0.03618840579710145,26.47622727272728,22.37784848484848,30.24933333333333,25.13290909090909,31.8279393939394,53.57422727272729,69.7109393939394,68.77568181818181,50.10333333333336,26.45718181818182,16.9695,21.53921212121212,23.270246376811592,27.409898550724648,30.35702898550724,37.06173913043478,41.23163768115944,39.46898550724639,34.83034782608696,33.38610144927537,32.636826086956525,33.4340579710145,29.60010144927536,24.6156231884058,8.479628571428574,12.023914285714287,13.819042857142867,20.584700000000005,26.016614285714283,27.688914285714286,26.729342857142854,26.087285714285713,23.457071428571435,19.979057142857144,13.900428571428563,9.268242857142852
58,UTTAR PRADESH,1994,1859,2508,59942,188,833,875,96.6,38.190376811594206,15.074304347826086,19.969101449275364,7.655057971014491,8.993840579710145,111.4365217391304,391.03930434782615,291.82671014492746,101.4541884057971,9.697971014492756,0.25266666666666665,0.3016086956521739,26.47622727272728,22.37784848484848,30.24933333333333,25.13290909090909,31.8279393939394,53.57422727272729,69.7109393939394,68.77568181818181,50.10333333333336,26.45718181818182,16.9695,21.53921212121212,24.47623188405797,25.712014492753624,33.66694202898549,36.92710144927536,42.080217391304345,39.72392753623188,33.85663768115942,32.48298550724638,33.36081159420289,32.67626086956522,29.063782608695654,24.67142028985507,9.678557142857144,10.324900000000003,17.133842857142856,20.4539,26.881657142857154,27.934442857142844,25.741300000000006,25.178042857142852,24.1765,19.202671428571442,13.376014285714284,9.3202
59,UTTAR PRADESH,1995,1862,2445,60692,177,883,774,102,32.12159420289855,17.180884057971014,16.204753623188406,8.151579710144928,3.2961594202898548,36.721217391304336,191.36842028985507,334.13775362318836,182.86344927536226,1.880289855072464,15.415826086956516,11.178724637681158,26.47622727272728,22.37784848484848,30.24933333333333,25.13290909090909,31.8279393939394,53.57422727272729,69.7109393939394,68.77568181818181,50.10333333333336,29.14651515151515,19.16980303030304,25.36292424242424,22.081637681159407,26.2643768115942,31.37157971014493,38.01717391304347,42.496318840579725,40.92037681159421,34.66459420289855,32.10634782608696,33.28630434782607,33.82455072463768,29.08676811594202,25.056188405797105,7.280485714285716,10.874499999999996,14.867314285714285,21.59505714285714,27.269185714285733,29.231000000000005,26.5516,24.853571428571428,24.31151428571429,20.409328571428574,13.723399999999994,9.71604285714286
60,UTTAR PRADESH,1996,2121,2668,59390,159,876,927,108.4,27.778260869565223,14.529840579710145,2.486188405797102,3.3731014492753624,9.982420289855073,153.4279855072464,206.75410144927537,319.03017391304354,184.28457971014493,62.04571014492754,0.08542028985507248,0.0009565217391304348,15.33609090909091,20.14790909090909,45.95304545454546,17.87433333333333,34.399515151515146,52.08501515151517,66.35290909090911,71.07754545454544,44.59977272727273,29.11198484848485,8.57890909090909,19.33059090909091,23.115333333333336,26.250811594202894,32.7683768115942,37.75179710144928,41.28969565217392,38.778623188405795,34.07643478260869,31.50033333333333,33.48588405797102,32.87992753623188,28.87066666666666,23.588391304347834,8.523828571428572,10.744400000000002,16.971371428571427,21.349928571428567,26.45112857142857,27.027814285714275,26.08455714285716,24.585899999999995,24.54780000000001,19.405928571428564,12.970271428571428,8.177828571428567
61,UTTAR PRADESH,1997,2150,2495,65115,157,581,811,117.5,11.08646376811594,1.357710144927536,4.3276811594202895,9.748927536231886,27.63614492753624,118.9213768115942,100.2982608695652,229.9032028985508,174.03685507246377,34.65101449275362,26.87756521739131,17.004130434782606,23.0115,18.38471212121212,34.7599090909091,23.788803030303026,31.59618181818181,39.83769696969695,61.69454545454546,57.64436363636364,51.600151515151516,29.147121212121213,18.460681818181808,39.76263636363636,22.33457971014493,25.26165217391304,32.02582608695653,36.80426086956521,39.485202898550725,39.01953623188407,35.57647826086956,32.62942028985508,33.06701449275363,31.555217391304346,28.67026086956521,23.49898550724637,7.813928571428574,9.870628571428568,15.708114285714288,20.36977142857143,24.298042857142853,27.218914285714284,27.77154285714286,25.314128571428576,23.947228571428568,18.220671428571443,13.078857142857142,8.322571428571429
62,UTTAR PRADESH,1998,1936,2518,58991,18,697,827,118.3,2.140869565217391,8.430318840579709,18.446739130434786,9.293202898550726,26.948840579710144,65.03097101449275,235.88801449275363,336.11598550724636,130.56292753623188,31.07146376811595,9.189797101449274,0.120768115942029,25.07368181818182,21.38362121212121,25.32798484848485,39.32780303030304,31.79640909090909,47.13807575757577,67.2995909090909,73.35468181818186,52.027863636363634,30.49895454545455,16.52366666666666,25.757681818181826,21.23671014492753,26.74862318840581,30.47431884057971,37.902768115942024,41.661449275362344,40.09421739130435,33.988623188405796,32.69724637681159,33.57626086956522,34.076565217391305,30.412637681159424,25.41624637681161,6.528142857142859,11.433028571428574,14.094628571428574,21.718728571428567,26.647585714285718,28.38994285714286,26.084028571428576,25.655785714285713,24.93961428571428,20.701157142857138,14.940599999999995,10.04984285714286
63,WEST BENGAL,1990,1795,1970,70434,340,884,616,90.7,0.1433888888888889,33.56966666666666,48.67383333333333,44.74100000000001,234.4165555555555,301.9569444444445,590.6790555555557,256.18372222222223,332.3616666666666,188.67166666666668,13.589166666666667,1.4234999999999998,31.112388888888887,42.01777777777777,47.20355555555556,43.57933333333333,55.11411111111111,73.59083333333334,80.70649999999998,77.39183333333334,71.29294444444443,50.77966666666667,32.284055555555554,30.156666666666666,25.73483333333333,26.889,29.476388888888888,33.231,34.2005,33.72661111111111,31.215666666666664,31.75322222222222,31.43761111111112,29.80994444444444,29.080111111111112,26.08661111111111,13.483166666666666,15.915166666666668,18.437222222222218,23.14011111111111,24.230555555555558,25.69505555555555,25.079666666666668,25.91933333333333,25.345944444444445,21.75461111111112,18.54833333333333,13.347611111111114
64,WEST BENGAL,1991,2090,2247,57018,340,786,648,90.5,19.292666666666666,11.006444444444444,40.371611111111115,17.350277777777773,63.82822222222222,287.97766666666666,315.7385555555555,500.6580555555555,333.06577777777784,106.75383333333332,4.863722222222223,27.103222222222218,23.997277777777782,28.562055555555553,34.80055555555556,36.570444444444455,49.10227777777778,71.3038888888889,78.45538888888888,76.29799999999999,69.08944444444444,45.938722222222225,26.62066666666667,25.37833333333333,24.122833333333336,29.22361111111111,33.25094444444445,35.31988888888889,35.92272222222223,33.28727777777778,32.28372222222223,31.544666666666664,31.7025,31.102722222222226,28.483888888888888,25.143444444444448,10.984666666666666,15.959,19.568444444444445,22.77488888888889,25.056777777777782,24.889166666666664,25.703888888888887,25.31538888888889,24.7435,22.367277777777783,16.781277777777774,12.02
65,WEST BENGAL,1992,2010,2158,57708,170,787,721,84.4,12.5695,8.555611111111112,4.900777777777779,28.12777777777778,125.82050000000002,237.55011111111102,433.46644444444433,253.78227777777775,210.03516666666667,50.92344444444446,1.4009444444444448,0.6123888888888888,24.842388888888888,28.49988888888889,34.16638888888889,36.124055555555536,48.61755555555556,70.43255555555554,78.45538888888888,76.29799999999999,69.08944444444444,46.7725,26.608,24.555111111111113,24.503,26.50311111111111,33.61061111111112,36.13833333333334,34.686611111111105,34.07777777777777,31.45883333333333,31.50911111111111,31.701944444444443,31.144944444444448,28.960166666666666,25.29194444444445,11.363777777777774,13.320277777777774,19.934222222222232,23.593277777777768,23.685388888888887,25.63116666666667,24.887888888888888,25.28127777777778,24.73988888888889,22.40477777777778,17.264499999999998,12.1665
66,WEST BENGAL,1993,2061,2060,52660,170,781,635,86,15.194111111111114,4.547722222222223,56.45616666666667,92.7097222222222,132.77472222222224,366.89905555555566,332.58372222222215,394.6951111111112,374.8645,124.07822222222224,11.741666666666667,0.0,24.842388888888888,27.793388888888888,34.16638888888889,36.124055555555536,49.161111111111104,70.87205555555555,78.45538888888888,76.29799999999999,69.08944444444444,45.938722222222225,26.636888888888887,25.00372222222223,25.31477777777778,28.816999999999997,31.49872222222222,34.28594444444445,34.665,33.740277777777784,32.089,31.31177777777777,31.326999999999998,31.40016666666667,29.01244444444444,26.40083333333333,12.175166666666668,15.556555555555557,17.816333333333333,21.7395,23.793888888888887,25.337277777777782,25.505722222222218,25.08138888888889,24.3755,22.66266666666667,17.306111111111107,13.274777777777777
67,WEST BENGAL,1994,2078,2287,61217,170,780,594,88.2,22.48822222222222,37.61172222222223,51.43727777777779,72.15305555555554,98.37833333333334,240.4781111111111,334.8574444444445,391.31,157.43927777777782,149.42533333333338,12.797722222222225,0.3776111111111111,24.842388888888888,27.793388888888888,34.16638888888889,36.124055555555536,49.161111111111104,70.87205555555555,78.45538888888888,76.29799999999999,69.08944444444444,45.938722222222225,26.636888888888887,25.00372222222223,25.76511111111111,26.979055555555554,33.09927777777778,34.66661111111111,36.10088888888888,33.62438888888889,32.025,31.40722222222222,31.68866666666666,31.162555555555553,28.722944444444447,25.792666666666666,12.628055555555555,13.716,19.417944444444444,22.11716666666667,25.22744444444445,25.22355555555556,25.44677777777777,25.17905555555555,24.731444444444442,22.423055555555553,17.01961111111111,12.6705
68,WEST BENGAL,1995,1997,2147,76267,510,746,671,97.7,23.40088888888889,24.165,17.40427777777778,30.36138888888889,99.33438888888894,187.26222222222225,338.39322222222216,270.85905555555547,440.05716666666666,111.70511111111112,32.276111111111106,1.8795555555555556,24.842388888888888,27.793388888888888,34.16638888888889,36.124055555555536,49.161111111111104,70.87205555555555,78.45538888888888,76.29799999999999,69.08944444444444,46.540277777777774,27.734500000000004,25.40083333333333,23.822444444444447,27.49805555555556,32.32433333333333,35.882555555555555,36.31177777777777,34.27372222222222,31.279611111111112,31.17011111111111,31.35744444444445,31.14272222222223,28.24661111111111,26.15261111111111,10.691111111111107,14.232777777777779,19.042111111111108,23.075555555555557,25.489500000000003,25.87538888888889,25.09,25.44033333333333,24.615944444444448,22.68061111111111,17.719055555555556,13.342499999999998
69,WEST BENGAL,1996,2179,2390,72703,680,839,741,103.2,7.754944444444443,15.284333333333333,8.73561111111111,56.264055555555565,88.27094444444445,241.80172222222217,239.5490555555556,465.5433333333333,167.68083333333334,146.43494444444445,0.27605555555555555,0.10205555555555557,22.747555555555557,27.758,43.989222222222224,36.79722222222221,43.32711111111111,71.67883333333333,78.71477777777778,79.62211111111112,63.09155555555554,37.730833333333344,12.766000000000002,24.835611111111106,25.12894444444445,27.2575,32.70244444444444,34.83322222222222,35.92077777777777,32.96955555555556,31.667166666666667,30.421611111111112,31.911777777777782,30.946777777777783,29.379166666666666,25.908222222222218,12.391722222222226,14.143888888888887,20.294333333333334,22.443277777777787,25.939888888888888,24.54711111111111,25.749111111111105,25.03916666666667,25.286222222222207,22.021555555555558,16.67988888888889,12.660444444444444
70,WEST BENGAL,1997,2240,2206,70764,283,761,688,108.8,24.542,16.076888888888885,37.46777777777777,72.49683333333333,151.99961111111114,109.91677777777778,378.44605555555563,387.9185555555557,338.63449999999995,67.59561111111111,14.009388888888893,18.293611111111108,26.440277777777766,19.536500000000004,34.6955,35.537555555555564,38.27011111111111,61.57311111111112,80.0596111111111,73.03783333333334,71.44044444444444,37.17688888888889,25.92055555555555,34.70233333333333,24.025666666666666,26.73433333333333,32.531055555555554,34.09766666666666,35.498000000000005,34.438277777777785,31.346555555555558,31.54177777777777,30.883388888888888,30.824944444444448,28.888444444444442,24.536166666666666,11.820333333333336,13.469333333333333,20.035999999999998,21.799111111111113,24.808555555555557,25.89722222222222,25.288000000000004,25.342333333333336,24.22083333333333,21.9805,18.267111111111113,13.949888888888886
71,WEST BENGAL,1998,2255,2117,74420,43,778,621,119,19.37755555555556,51.86266666666666,28.50761111111111,53.64066666666667,127.36705555555555,191.48783333333333,273.28583333333336,282.5884444444445,277.13522222222224,307.31377777777766,32.240611111111114,0.021277777777777774,28.040888888888887,27.872333333333334,32.23455555555556,38.8045,44.68033333333334,66.07311111111112,77.42144444444443,77.76372222222223,66.60466666666666,49.073555555555565,29.73411111111111,23.24472222222223,24.22888888888889,27.12683333333333,30.413888888888888,34.757111111111115,35.64761111111111,35.29094444444445,31.419500000000006,31.28877777777778,31.71316666666667,32.05883333333333,28.843888888888888,26.11283333333333,11.093722222222222,15.858944444444447,18.1535,23.41383333333333,25.6825,26.803,25.734111111111112,25.954277777777772,25.28811111111111,24.334055555555555,18.97322222222222,14.022111111111109
